"date","weighted","close","high","low","open","volume"
"2018-12-31 16:12:00","138.298846","142.66","144.25","132.31","133.49","99694138.01"
"2019-01-01 16:01:00","151.641826","156.57","160.04","141.6","142.66","165620342.65"
"2019-01-02 16:01:00","151.492144","149.44","157.66","144.58","156.57","121609753.62"
"2019-01-03 16:01:00","153.752356","156.04","158.8","147.32","149.44","161910054.26"
"2019-01-04 16:01:00","159.565787","156.23","163.63","154.7","156.04","152585957.97"
"2019-01-05 16:01:00","156.367863","158.61","163.11","150.49","156.23","146912818.82"
"2019-01-06 16:01:00","154.538711","152.09","160.19","150.18","158.61","94643450.59"
"2019-01-07 16:01:00","151.656692","151.1","155.13","147.76","152.09","109964654.99"
"2019-01-08 16:01:00","152.837595","151.17","157.82","150.05","151.1","86228877.34"
"2019-01-09 16:01:00","134.002181","127.96","152.75","124.07","151.17","197435643.47"
"2019-01-10 16:01:00","127.059451","127.16","130.07","123.1","127.96","85532867.49"
"2019-01-11 16:01:00","126.660184","125.83","128.52","124.66","127.16","42944230.46"
"2019-01-12 16:01:00","120.226415","116.56","126.45","114.75","125.83","77318828.9"
"2019-01-13 16:01:00","125.289203","129.74","132.78","116.49","116.56","110822478.03"
"2019-01-14 16:01:00","125.541011","121.22","131.76","118.19","129.74","109930872.67"
"2019-01-15 16:01:00","123.280164","123.12","128.97","120.42","121.22","89667659.36"
"2019-01-16 16:01:00","122.06723","123.72","124.97","118.33","123.12","77554773.43"
"2019-01-17 16:01:00","121.561322","120.57","124.04","119.39","123.72","47693982.95"
"2019-01-18 16:01:00","125.232999","124.85","128.66","120.57","120.57","70412517.95"
"2019-01-19 16:01:00","119.794725","118.41","125.46","112.96","124.85","76407912.2"
"2019-01-20 16:01:00","116.989732","116.72","119.29","114.48","118.41","49298484.48"
"2019-01-21 16:01:00","117.051481","119.12","120.66","112.04","116.72","78267602.06"
"2019-01-22 16:01:00","118.132634","117.57","120.04","115.99","119.12","47347740.34"
"2019-01-23 16:01:00","116.778821","117.7","118.58","114.63","117.57","51912659.64"
"2019-01-24 16:01:00","116.22788","115.92","118.38","115.13","117.7","50438139.37"
"2019-01-25 16:01:00","117.589689","116.33","119.3","115.69","115.92","28475056.88"
"2019-01-26 16:01:00","114.354481","112.27","117.02","111.58","116.33","53136225.33"
"2019-01-27 16:01:00","106.215892","106.36","113.19","101.94","112.27","98142843.05"
"2019-01-28 16:01:00","104.6941","104.75","106.78","102.95","106.36","58780992.27"
"2019-01-29 16:01:00","107.846689","109.04","110.46","103.68","104.75","76425828.22"
"2019-01-30 16:01:00","108.023405","106.89","111.73","105.75","109.04","50405787.04"
"2019-01-31 16:01:00","106.209724","107.03","108.71","104.14","106.89","55930619.34"
"2019-02-01 16:02:00","108.74784","111","111.98","106.25","107.03","38110112.83"
"2019-02-02 16:02:00","108.552698","107.21","111.97","105.82","111","44473549.85"
"2019-02-03 16:02:00","107.067739","106.9","109.06","106.44","107.21","33113542.03"
"2019-02-04 16:02:00","106.669333","106.93","107.34","105.88","106.9","24525280.67"
"2019-02-05 16:02:00","103.635936","104.5","107.3","101.25","106.93","69541037.35"
"2019-02-06 16:02:00","104.756551","104.3","106.02","103.69","104.5","31783120.72"
"2019-02-07 16:02:00","113.643805","119.49","123.26","103.51","104.3","132561283.23"
"2019-02-08 16:02:00","119.340578","119.46","121.58","117.49","119.49","39089760.46"
"2019-02-09 16:02:00","120.130634","125.58","126.39","116.33","119.46","68515466.51"
"2019-02-10 16:02:00","121.136518","120.76","125.58","119.73","125.58","68979406.91"
"2019-02-11 16:02:00","121.178848","122.63","124.31","118.25","120.76","65949880.5"
"2019-02-12 16:02:00","123.419924","122.31","126.81","121.11","122.63","65675655.45"
"2019-02-13 16:02:00","122.090475","120.85","124.75","120.07","122.31","58046997.21"
"2019-02-14 16:02:00","122.463001","122.02","124.75","120.62","120.85","49509064.16"
"2019-02-15 16:02:00","123.702066","123.26","125.31","122.02","122.02","29940250.66"
"2019-02-16 16:02:00","129.650812","134.28","136.27","123.07","123.26","135450665.63"
"2019-02-17 16:02:00","141.998218","146.53","149.77","133.11","134.28","221696151.26"
"2019-02-18 16:02:00","147.487065","144.4","151.25","143.98","146.53","123011057.32"
"2019-02-19 16:02:00","145.739473","149.23","150.35","141.39","144.4","109146484.89"
"2019-02-20 16:02:00","146.674846","146.36","151.86","143.64","149.23","95560599.55"
"2019-02-21 16:02:00","148.074882","149.04","150.03","144.31","146.36","103047931.55"
"2019-02-22 16:02:00","154.951318","159.48","161.51","147.17","149.04","141170976.87"
"2019-02-23 16:02:00","149.315398","133.42","167.67","133.15","159.48","241116547.17"
"2019-02-24 16:02:00","138.416506","139.02","142.54","133.21","133.42","121457228.38"
"2019-02-25 16:02:00","136.810947","137.12","139.47","134.46","139.02","61461262.98"
"2019-02-26 16:02:00","135.257743","135.94","141.64","127.72","137.12","112907848.45"
"2019-02-27 16:02:00","137.433269","136.29","140.7","134.01","135.94","97737312.75"
"2019-02-28 16:02:00","136.828407","136.15","139.06","135.69","136.29","45791967.5"
"2019-03-01 16:03:00","133.902543","133.81","136.81","131.13","136.15","52821793.48"
"2019-03-02 16:03:00","132.722315","131.21","135.98","128.88","133.81","36361053.96"
"2019-03-03 16:03:00","127.328839","126.43","131.73","123.96","131.21","77542631.54"
"2019-03-04 16:03:00","133.533607","137.93","139","126.05","126.43","97489028.36"
"2019-03-05 16:03:00","137.932321","138.49","141.71","134.7","137.93","84214712.35"
"2019-03-06 16:03:00","138.283063","137.65","141.12","135.98","138.49","58635308.29"
"2019-03-07 16:03:00","136.404845","134.42","140.53","131.61","137.65","73110484.61"
"2019-03-08 16:03:00","137.621981","138.24","139.84","133.74","134.42","48811186.21"
"2019-03-09 16:03:00","136.548634","136.36","138.53","135.07","138.24","29367443.65"
"2019-03-10 17:03:00","133.767473","133.54","137.11","131.96","136.36","53827993.78"
"2019-03-11 17:03:00","133.158114","134.37","136.21","129.14","133.54","63258337.52"
"2019-03-12 17:03:00","132.922898","132.93","134.42","131.61","134.37","31732444.2"
"2019-03-13 17:03:00","132.893237","132.89","136.48","130.3","132.93","44781103.25"
"2019-03-14 17:03:00","136.162649","137.63","138.91","132.86","132.89","72468725.89"
"2019-03-15 17:03:00","141.911139","141.68","145.91","137.57","137.63","78670145.68"
"2019-03-16 17:03:00","139.884742","139.74","141.69","138.1","141.68","37641607.63"
"2019-03-17 17:03:00","138.96961","138.5","142.85","137.19","139.74","54258503.69"
"2019-03-18 17:03:00","138.577573","139.46","140.19","137.73","138.5","34618229.72"
"2019-03-19 17:03:00","138.863057","140.22","140.79","136.72","139.46","43575339.61"
"2019-03-20 17:03:00","137.225616","135.61","140.65","133.53","140.22","57758749.07"
"2019-03-21 17:03:00","136.654008","136.76","137.99","135.09","135.61","32302482.16"
"2019-03-22 17:03:00","137.588573","137.74","138.65","136.43","136.76","27909491.25"
"2019-03-23 17:03:00","136.037767","136.21","137.76","135.02","137.74","24934808.44"
"2019-03-24 17:03:00","134.513647","133.96","136.9","131.77","136.21","43666884.14"
"2019-03-25 17:03:00","133.946757","134.29","134.94","132.8","133.96","34634601"
"2019-03-26 17:03:00","137.886544","140.23","140.6","134.21","134.29","59960569.18"
"2019-03-27 17:03:00","138.383977","138.39","140.23","137.63","140.23","28808077.58"
"2019-03-28 17:03:00","141.480236","144.41","144.62","138.02","138.39","52211663.99"
"2019-03-29 17:03:00","144.002327","143.29","147.07","141.18","144.41","44333469.48"
"2019-03-30 17:03:00","142.257328","142.4","143.34","141.39","143.29","18780247.69"
"2019-03-31 17:03:00","142.135379","141.85","143.94","140.08","142.4","47175484.17"
"2019-04-01 17:04:00","156.052459","164.93","167.75","141.6","141.85","199789038.28"
"2019-04-02 17:04:00","169.029161","161.18","179.87","153.03","164.93","351520471.94"
"2019-04-03 17:04:00","159.635265","158.07","164.86","154.29","161.18","135093346.6"
"2019-04-04 17:04:00","164.304171","166.39","168.9","156.78","158.07","93729139.88"
"2019-04-05 17:04:00","167.08027","166.28","173.7","160.96","166.39","93440063.57"
"2019-04-06 17:04:00","171.544015","175.57","177.53","164.94","166.28","95898759.99"
"2019-04-07 17:04:00","181.314379","181.06","187.36","174.62","175.57","209288702"
"2019-04-08 17:04:00","177.64884","176.3","181.13","174.96","181.06","101513775.58"
"2019-04-09 17:04:00","179.190037","177.39","185.57","170.27","176.3","170848830.28"
"2019-04-10 17:04:00","167.78623","165.24","177.63","160.76","177.39","124587430.49"
"2019-04-11 17:04:00","164.322011","164.56","167.61","159.97","165.24","75328846.5"
"2019-04-12 17:04:00","164.581015","164.53","166.53","162.54","164.56","38360717.43"
"2019-04-13 17:04:00","165.285867","168.68","169.79","162.41","164.53","48567123.12"
"2019-04-14 17:04:00","163.097109","160.3","170.06","156.33","168.68","91325069.58"
"2019-04-15 17:04:00","164.081641","166.9","168.21","159.52","160.3","70932570.59"
"2019-04-16 17:04:00","166.684642","167.02","168.85","165.04","166.9","54188457"
"2019-04-17 17:04:00","173.057035","174.6","176.62","166.64","167.02","108117562.52"
"2019-04-18 17:04:00","172.680058","174.13","174.79","169.82","174.6","64497766.36"
"2019-04-19 17:04:00","174.496252","173.96","178.3","171.17","174.13","44763261.76"
"2019-04-20 17:04:00","169.7115","170.3","174.67","166.69","173.96","64705903.53"
"2019-04-21 17:04:00","171.220721","171.9","174.02","168.63","170.3","66451729.2"
"2019-04-22 17:04:00","173.821913","170.66","177.55","169.21","171.9","91652098.56"
"2019-04-23 17:04:00","165.883171","166.05","171.23","160.82","170.66","96610106.76"
"2019-04-24 17:04:00","158.177511","152.99","166.66","148.72","166.05","109013577.51"
"2019-04-25 17:04:00","154.065284","156.45","158.41","149.6","152.99","90745549.47"
"2019-04-26 17:04:00","157.906751","158.36","161.35","155.14","156.45","40750421.97"
"2019-04-27 17:04:00","159.122057","158.05","160.85","156.99","158.72","40637073.13"
"2019-04-28 17:04:00","156.005771","156.69","159.03","152.36","158.05","59257093.09"
"2019-04-29 17:04:00","160.550475","164.39","165.32","156.69","156.69","69939060.65"
"2019-04-30 17:04:00","162.594526","161.42","166.79","159.99","164.39","43276053.39"
"2019-05-01 17:05:00","160.796117","161.29","162.9","158.42","161.42","31903176.55"
"2019-05-02 17:05:00","167.550671","168.24","173.32","160.27","161.29","84230176.89"
"2019-05-03 17:05:00","164.540359","163.61","171.68","159.93","168.24","59532209.07"
"2019-05-04 17:05:00","163.351291","163.94","165.38","159.19","163.61","35290275.73"
"2019-05-05 17:05:00","170.123987","173.7","178.86","160.66","163.94","101692000.86"
"2019-05-06 17:05:00","176.211834","168.59","183.38","168.01","173.7","127619495.09"
"2019-05-07 17:05:00","169.158553","171.42","173.77","164.7","168.59","79549805.45"
"2019-05-08 17:05:00","170.313263","170.86","174.42","166.54","171.42","61635698.75"
"2019-05-09 17:05:00","173.150651","172.5","176.44","168.41","170.86","99171682.07"
"2019-05-10 17:05:00","190.407917","192.44","205.88","172.47","172.5","281574838.84"
"2019-05-11 17:05:00","191.769165","188.14","203.14","183.07","192.44","213018304.42"
"2019-05-12 17:05:00","197.475979","195.83","207.89","185.79","188.14","218034544.15"
"2019-05-13 17:05:00","208.243647","217.16","220.42","194.97","195.83","289869112.82"
"2019-05-14 17:05:00","233.778285","248.64","250.1","217","217.16","355724872.42"
"2019-05-15 17:05:00","261.546293","264.47","279.8","242.46","248.64","634263776.42"
"2019-05-16 17:05:00","238.969919","244.84","268.89","224.7","264.47","410267280.66"
"2019-05-17 17:05:00","239.297945","233.96","248.71","231.3","244.84","117017034.79"
"2019-05-18 17:05:00","253.330856","260.9","264.49","232.45","233.96","207318106.93"
"2019-05-19 17:05:00","249.510847","252.1","260.91","239.27","260.9","195772403.2"
"2019-05-20 17:05:00","254.966866","254.94","263.96","247.78","252.1","162940479.24"
"2019-05-21 17:05:00","251.281518","243.46","261.19","240.48","254.94","170156807.78"
"2019-05-22 17:05:00","240.190597","245.6","248.32","231.15","243.46","131011466.39"
"2019-05-23 17:05:00","250.731282","249.61","255.8","242.58","245.6","112150086.57"
"2019-05-24 17:05:00","252.712778","251.49","258.44","248.34","249.61","71773413.55"
"2019-05-25 17:05:00","260.287157","268.26","271.76","245.97","251.49","132735299.32"
"2019-05-26 17:05:00","269.704918","271.83","279.68","264.23","268.26","166060230.54"
"2019-05-27 17:05:00","270.690423","271.45","276.45","265.3","271.83","106686177"
"2019-05-28 17:05:00","268.877312","269.6","274.28","260.73","271.45","115671371.68"
"2019-05-29 17:05:00","268.857564","254.45","288.78","239.64","269.6","345611935.55"
"2019-05-30 17:05:00","257.096788","267.42","268.41","245.26","254.45","166925470.64"
"2019-05-31 17:05:00","267.986117","264.71","275.1","261.01","267.42","96150090.36"
"2019-06-01 17:06:00","268.918049","269.31","273.91","263.88","264.71","60735168.36"
"2019-06-02 17:06:00","259.092041","249.61","270.02","246.94","269.31","133402509.49"
"2019-06-03 17:06:00","243.174005","241.1","251.12","233.87","249.61","187422191.16"
"2019-06-04 17:06:00","243.832298","246.16","249.12","237.77","241.1","95758702.56"
"2019-06-05 17:06:00","242.957847","249.43","251.22","235.8","246.16","83309679.57"
"2019-06-06 17:06:00","248.942733","249.54","254.15","245.05","249.43","100849718.34"
"2019-06-07 17:06:00","246.150805","244.4","250.95","241.84","249.54","42936623.98"
"2019-06-08 17:06:00","235.040567","231.43","245.02","226.62","244.4","92186381.84"
"2019-06-09 17:06:00","240.797341","247.96","248.12","227.66","231.43","99263687.87"
"2019-06-10 17:06:00","243.32816","245.16","248.9","237.63","247.96","86117977.19"
"2019-06-11 17:06:00","253.177082","263.05","263.45","243.13","245.16","138979721.37"
"2019-06-12 17:06:00","259.177699","255.09","264.53","254.11","263.05","101025129.47"
"2019-06-13 17:06:00","257.040423","263.76","265.87","251.73","255.09","130872372.87"
"2019-06-14 17:06:00","267.028938","269.22","273.38","261.81","263.76","87626432.41"
"2019-06-15 17:06:00","271.292472","268.53","278.95","263.71","269.22","128975724.02"
"2019-06-16 17:06:00","272.090959","273.92","275.65","267.69","268.53","88041706.94"
"2019-06-17 17:06:00","266.637005","264.51","274.21","261.19","273.92","105393246.23"
"2019-06-18 17:06:00","267.320587","269.01","270.21","263.66","264.51","66155758.38"
"2019-06-19 17:06:00","270.195536","272.21","274.63","266.67","269.01","67597297.6"
"2019-06-20 17:06:00","286.867674","296.03","297.14","272.21","272.21","217255509.5"
"2019-06-21 17:06:00","306.067229","309.41","315.27","293.63","296.03","259002380.63"
"2019-06-22 17:06:00","311.860834","307.37","319.33","305.23","309.41","161524339.87"
"2019-06-23 17:06:00","305.304409","311.22","313.68","294.21","307.37","182088474.01"
"2019-06-24 17:06:00","311.649977","316.53","317.09","306.13","311.22","132653803.36"
"2019-06-25 17:06:00","336.963285","333.76","363.41","314.13","316.53","535053301.28"
"2019-06-26 17:06:00","305.234939","294.07","342.41","275.01","333.76","442978514.77"
"2019-06-27 17:06:00","302.50589","309.37","312.4","290.45","294.07","190174118.06"
"2019-06-28 17:06:00","305.577976","317.32","324.03","291.72","309.37","154657148.32"
"2019-06-29 17:06:00","303.182402","290.15","323.54","287.02","317.32","153703715.56"
"2019-06-30 17:06:00","288.673803","294.17","301.7","278.07","290.15","157687256.59"
"2019-07-01 17:07:00","282.666671","291.61","296.64","271.8","294.17","170557510.75"
"2019-07-02 17:07:00","295.621687","302.17","303.2","289.83","291.61","116829498.53"
"2019-07-03 17:07:00","293.668074","283.1","303.73","280.38","302.17","88210847.29"
"2019-07-04 17:07:00","288.283837","287.9","294.99","280.58","283.1","86503240.9"
"2019-07-05 17:07:00","292.396994","287.98","298.01","285.56","287.9","57932347.39"
"2019-07-06 17:07:00","300.658197","306.43","310.72","284.46","287.98","99666457.6"
"2019-07-07 17:07:00","308.733167","313.34","314.94","302.56","306.43","115496166.88"
"2019-07-08 17:07:00","311.168946","307.89","318.32","303.09","313.34","125850428.68"
"2019-07-09 17:07:00","296.380031","288.64","314.74","281.62","307.89","180940011.77"
"2019-07-10 17:07:00","271.796788","268.56","288.66","263","288.64","171079615.45"
"2019-07-11 17:07:00","273.672757","275.41","279.06","266.46","268.56","76685542.26"
"2019-07-12 17:07:00","268.224523","268.94","275.72","261.81","275.41","66861426.61"
"2019-07-13 17:07:00","240.517422","226.16","269.59","223.07","268.94","175331440.46"
"2019-07-14 17:07:00","223.237818","228.14","235.48","203.63","226.16","226218116.46"
"2019-07-15 17:07:00","208.700712","198.71","234.28","191.03","228.14","232180403.8"
"2019-07-16 17:07:00","205.540454","211.29","219.84","192.48","198.71","162154895.01"
"2019-07-17 17:07:00","218.534618","226.09","229.65","206.32","211.29","142904884.96"
"2019-07-18 17:07:00","219.904063","221.28","226.51","214.01","226.09","82409808.32"
"2019-07-19 17:07:00","228.916221","228.71","235.69","220.33","221.28","74318209.77"
"2019-07-20 17:07:00","223.399466","225.4","229.69","217.43","228.71","59548497.11"
"2019-07-21 17:07:00","218.664177","217.22","227.99","211.88","225.4","73718555.78"
"2019-07-22 17:07:00","213.297585","212.21","219.1","208.55","217.22","69993297.42"
"2019-07-23 17:07:00","208.926567","216.66","218.14","201.32","212.21","96519402.36"
"2019-07-24 17:07:00","221.255563","219.41","225.58","215.73","216.66","64183254.14"
"2019-07-25 17:07:00","216.931108","219.23","220.88","212.99","219.41","46712261.33"
"2019-07-26 17:07:00","211.281365","207.17","223.83","202.84","219.23","78126135.79"
"2019-07-27 17:07:00","206.274982","211.15","213.27","197.96","207.17","47846437.2"
"2019-07-28 17:07:00","210.541163","210.83","215.03","206.43","211.15","45830094.98"
"2019-07-29 17:07:00","209.802967","209.82","214.39","204.58","210.83","34387958.79"
"2019-07-30 17:07:00","215.038941","218.7","218.98","209.73","209.82","45601288.97"
"2019-07-31 17:07:00","214.778547","217.51","219.28","211.04","218.7","40239508.23"
"2019-08-01 17:08:00","218.593438","217.7","222.66","214.99","217.51","45725495.69"
"2019-08-02 17:08:00","221.759501","222.02","224.6","216.25","217.7","40674495.72"
"2019-08-03 17:08:00","220.524372","222.7","223.65","217.5","222.02","25241603.35"
"2019-08-04 17:08:00","231.311141","233.19","236.66","222.7","222.7","89350182.76"
"2019-08-05 17:08:00","230.23794","225.94","239.54","222.67","233.19","87568875.48"
"2019-08-06 17:08:00","225.663821","225.99","231.1","220.8","225.94","56477444.19"
"2019-08-07 17:08:00","221.515263","221.18","226.62","215.18","225.99","71719199.11"
"2019-08-08 17:08:00","213.086431","210.47","221.57","207.03","221.18","60745552.66"
"2019-08-09 17:08:00","206.865155","206.26","214.66","200.92","210.47","43695144.13"
"2019-08-10 17:08:00","212.346473","216.39","216.67","205.95","206.26","43633101.97"
"2019-08-11 17:08:00","212.702088","211.28","216.66","209.88","216.39","34348705.05"
"2019-08-12 17:08:00","207.844274","208.62","211.35","203.38","211.28","48703109.59"
"2019-08-13 17:08:00","194.670656","186.49","209.25","182.82","208.62","88474941.86"
"2019-08-14 17:08:00","183.16186","188.24","189.82","173.67","186.49","91912998.77"
"2019-08-15 17:08:00","183.735027","185.41","188.24","178.62","188.24","48178947.23"
"2019-08-16 17:08:00","184.587011","185.69","186.98","182.12","185.41","21707530.3"
"2019-08-17 17:08:00","192.229631","194.77","198.11","183.49","185.69","36135946.97"
"2019-08-18 17:08:00","199.367523","202.43","203.57","193.13","194.77","50663464.37"
"2019-08-19 17:08:00","197.907239","196.55","202.94","194.89","202.43","34717145.09"
"2019-08-20 17:08:00","187.3603","187.32","197.15","180.3","196.55","59587511.56"
"2019-08-21 17:08:00","189.436329","190.74","195.09","182.87","187.32","47325783.06"
"2019-08-22 17:08:00","192.911411","194.64","196.59","188.72","190.74","45062633.6"
"2019-08-23 17:08:00","189.932523","191.08","194.66","186.45","194.64","27303728.98"
"2019-08-24 17:08:00","187.490324","186.58","192.84","183.16","191.08","27576744.26"
"2019-08-25 17:08:00","189.870024","188.46","194.2","185.89","186.58","42356290.49"
"2019-08-26 17:08:00","186.767668","187.17","189.05","184.74","188.46","24444251.34"
"2019-08-27 17:08:00","176.673572","173.01","188","166.36","187.17","65052446.02"
"2019-08-28 17:08:00","169.014562","168.95","173.52","164.19","173.01","49164451.48"
"2019-08-29 17:08:00","168.703956","168.52","170.47","165.95","168.95","27682066.95"
"2019-08-30 17:08:00","169.875858","172.15","174.99","166.29","168.52","22016383.42"
"2019-08-31 17:08:00","171.350302","171.42","173.88","168.24","172.15","23040224.19"
"2019-09-01 17:09:00","175.627787","178.76","181.47","170.77","171.42","36381317.1"
"2019-09-02 17:09:00","179.319924","179.13","182.93","174.83","178.76","47159868.72"
"2019-09-03 17:09:00","177.142069","175.01","180.46","174.06","179.13","34201012.33"
"2019-09-04 17:09:00","172.926585","174.38","175.86","170.07","175.01","34979584.4"
"2019-09-05 17:09:00","172.642346","169.47","178.38","165.67","174.38","43110865.41"
"2019-09-06 17:09:00","175.735238","178.32","181.09","168.7","169.47","34772796.5"
"2019-09-07 17:09:00","181.317598","181.67","184.53","177.03","178.32","42008466.22"
"2019-09-08 17:09:00","180.748352","180.84","185.82","176.42","181.67","43825792.71"
"2019-09-09 17:09:00","180.380802","180.01","184.46","176.96","180.84","30529342.46"
"2019-09-10 17:09:00","177.997246","178.48","182.31","174.55","180.01","36678840.44"
"2019-09-11 17:09:00","179.531612","181.19","182.8","176.78","178.48","19389810.86"
"2019-09-12 17:09:00","179.913839","181.56","181.92","177.9","181.19","24582255.71"
"2019-09-13 17:09:00","185.118164","188.9","189.35","180.53","181.56","37570118.29"
"2019-09-14 17:09:00","188.929437","189.48","191.09","186.52","188.9","31192376.58"
"2019-09-15 17:09:00","194.156334","197.85","199.78","188.67","189.48","75803345.03"
"2019-09-16 17:09:00","204.477627","207.9","215.16","196.33","197.85","105704130.68"
"2019-09-17 17:09:00","213.112129","210.5","217.5","207.9","207.9","80569851.47"
"2019-09-18 17:09:00","213.031007","221.01","223.83","202.39","210.5","119670121.15"
"2019-09-19 17:09:00","217.290889","218.26","222.21","212.49","221.01","62650447.79"
"2019-09-20 17:09:00","217.010273","215.1","221.46","213.7","218.26","45600099.48"
"2019-09-21 17:09:00","210.287986","211.23","215.56","206.32","215.1","49783119.38"
"2019-09-22 17:09:00","205.763415","200.97","211.83","198.69","211.23","64237144.85"
"2019-09-23 17:09:00","177.323758","166.47","202.71","155.91","200.97","198165231.48"
"2019-09-24 17:09:00","168.453483","170.22","175.21","162.64","166.47","84971346.1"
"2019-09-25 17:09:00","163.478408","166.06","171.12","152.85","170.22","85359448.28"
"2019-09-26 17:09:00","168.019044","174.39","177.28","161.51","166.06","58376708.03"
"2019-09-27 17:09:00","173.469208","174.14","175.98","168.86","174.39","38458780.93"
"2019-09-28 17:09:00","169.061152","169.68","175.06","164.81","174.14","38614654.22"
"2019-09-29 17:09:00","173.566971","181.47","181.68","165.55","169.68","72148268.1"
"2019-09-30 17:09:00","180.018412","176.39","186.03","174.07","181.47","64731985.62"
"2019-10-01 17:10:00","177.580497","181.06","181.78","174.37","176.39","35480450.17"
"2019-10-02 17:10:00","175.02869","175.17","181.41","170.12","181.06","40818629.93"
"2019-10-03 17:10:00","175.753157","176.21","179.67","171.25","175.17","29542284.86"
"2019-10-04 17:10:00","175.21478","176.9","177.25","172.6","176.21","21468087.6"
"2019-10-05 17:10:00","172.270902","170.26","177.37","168.35","176.9","37561435.77"
"2019-10-06 17:10:00","177.03185","180.49","182.86","168.97","170.26","51997920.63"
"2019-10-07 17:10:00","181.334357","181.09","185.37","177.78","180.49","36264697.13"
"2019-10-08 17:10:00","189.086472","193.43","195.9","179.51","181.09","82155041.05"
"2019-10-09 17:10:00","191.5413","191.73","194.84","187.69","193.43","39192518.09"
"2019-10-10 17:10:00","186.642034","180.94","197.43","179.76","191.73","74644230.15"
"2019-10-11 17:10:00","181.740683","180.09","184.94","177.98","180.94","28954591.24"
"2019-10-12 17:10:00","182.237042","181.37","184.92","179.12","180.09","23348645.31"
"2019-10-13 17:10:00","184.602053","186.96","187.78","180.9","181.37","36602758.39"
"2019-10-14 17:10:00","181.967045","180.74","188.52","177.5","186.96","56302568.95"
"2019-10-15 17:10:00","175.733394","174.76","181.21","172.18","180.74","41807909.3"
"2019-10-16 17:10:00","176.448901","177.5","179.17","173","174.76","33869835.99"
"2019-10-17 17:10:00","173.084929","173.29","177.63","168.69","177.5","42094048.87"
"2019-10-18 17:10:00","173.089252","172.37","175.36","170.35","173.29","23270105.21"
"2019-10-19 17:10:00","173.631751","175.84","176.97","169.74","172.37","22836780.62"
"2019-10-20 17:10:00","174.773316","174.64","178.34","172.18","175.84","33810983.39"
"2019-10-21 17:10:00","173.587835","171.64","175.63","171.01","174.64","23452048.09"
"2019-10-22 17:10:00","161.745794","162.72","171.84","153.97","171.64","80047148.93"
"2019-10-23 17:10:00","161.210933","161.07","164.16","159.19","162.72","39716644.48"
"2019-10-24 17:10:00","176.006043","181.79","187.71","160.91","161.07","77032902.94"
"2019-10-25 17:10:00","186.23376","180.16","198.61","174.15","181.79","117516350.23"
"2019-10-26 17:10:00","183.686849","184.34","189.11","177.07","180.16","42725711.73"
"2019-10-27 17:10:00","183.956253","182.09","189.97","181.01","184.34","42175797.18"
"2019-10-28 17:10:00","188.00078","191.11","193.12","181.82","182.09","45370015.77"
"2019-10-29 17:10:00","184.983564","183.52","192.15","180.48","191.11","47220547.3"
"2019-10-30 17:10:00","182.192558","182.59","185.51","178.13","183.52","35966379.6"
"2019-10-31 17:10:00","181.484622","183.4","184.93","177.75","182.59","27543100.78"
"2019-11-01 17:11:00","184.047127","183.45","186.08","182.31","183.4","16545336.13"
"2019-11-02 17:11:00","181.98055","181.92","185.11","179.3","183.45","14452473.12"
"2019-11-03 16:11:00","185.807543","186.49","189.58","180.76","181.92","29413921.15"
"2019-11-04 16:11:00","187.914682","188.96","192.27","182.63","186.49","45044355.68"
"2019-11-05 16:11:00","190.834528","191.24","194.57","188.09","188.96","31804656.09"
"2019-11-06 16:11:00","187.273077","186.54","192.28","184.54","191.24","27312800.75"
"2019-11-07 16:11:00","183.94982","183.85","188.16","181.02","186.54","36231633.96"
"2019-11-08 16:11:00","184.49351","185.11","185.69","182.87","183.85","15174945.44"
"2019-11-09 16:11:00","188.795507","189.29","191.91","183.7","185.11","29127012.15"
"2019-11-10 16:11:00","186.607949","184.91","190.4","184.12","189.29","21550803.45"
"2019-11-11 16:11:00","185.387312","187.09","187.42","182.44","184.91","28896561.37"
"2019-11-12 16:11:00","187.30441","188.1","189.66","185.36","187.09","26854046.76"
"2019-11-13 16:11:00","185.001724","184.68","188.7","183.06","188.1","30085587.24"
"2019-11-14 16:11:00","181.648886","180.03","186.68","177.53","184.68","51630458.85"
"2019-11-15 16:11:00","181.92078","182.61","183.56","179.31","180.03","15237211.5"
"2019-11-16 16:11:00","184.070259","184.2","186.52","180.5","182.61","18396189.69"
"2019-11-17 16:11:00","180.050767","178.23","184.38","174.98","184.2","30569260.48"
"2019-11-18 16:11:00","175.464401","175.96","178.44","172.92","178.23","26543424.58"
"2019-11-19 16:11:00","175.589026","174.68","177.49","173.63","175.96","23057265.81"
"2019-11-20 16:11:00","164.609561","161.18","175.76","156.47","174.68","59142459.03"
"2019-11-21 16:11:00","150.632157","150.22","162.83","138.37","161.18","102569820.66"
"2019-11-22 16:11:00","150.887442","152.42","154.73","146.77","150.22","32658183.46"
"2019-11-23 16:11:00","146.115125","140.42","153.37","139.33","152.42","34788247.69"
"2019-11-24 16:11:00","142.085045","146.22","151.91","132.48","140.42","89784814.66"
"2019-11-25 16:11:00","146.886588","148","150.1","144","146.22","27319227.88"
"2019-11-26 16:11:00","149.094507","153.05","155.94","141.42","148","53029091.98"
"2019-11-27 16:11:00","152.469987","151.31","154.91","149.76","153.05","26205791.23"
"2019-11-28 16:11:00","154.613785","154.94","157.92","150.89","151.31","30516937.6"
"2019-11-29 16:11:00","152.638356","152.2","155.71","150.25","154.94","17320967.2"
"2019-11-30 16:11:00","149.261282","151.36","152.86","146.4","152.2","22262179.95"
"2019-12-01 16:12:00","149.117583","149.36","151.99","147.41","151.36","17471664.32"
"2019-12-02 16:12:00","148.32983","147.73","150.32","146.33","149.36","16082792.37"
"2019-12-03 16:12:00","147.678671","145.73","152.7","143.68","147.73","38519950.69"
"2019-12-04 16:12:00","146.851619","148.32","149.18","144.19","145.73","18510758.14"
"2019-12-05 16:12:00","148.062242","149.06","149.86","146.36","148.32","16380866.11"
"2019-12-06 16:12:00","148.507475","147.79","150.04","147.62","149.06","10846746.85"
"2019-12-07 16:12:00","149.893803","151.06","152.19","146.87","147.79","15605320.89"
"2019-12-08 16:12:00","149.388615","147.68","151.6","147.03","151.06","19462562.42"
"2019-12-09 16:12:00","146.42201","145.92","148.36","144.25","147.68","17868437.17"
"2019-12-10 16:12:00","144.339151","143.61","146.6","142.52","145.92","13237404.13"
"2019-12-11 16:12:00","143.278344","145.05","146.06","139.6","143.61","27472534.95"
"2019-12-12 16:12:00","144.534123","144.97","145.41","143.28","145.05","15369544.78"
"2019-12-13 16:12:00","143.375995","142.18","145.32","141.58","144.97","12292293.63"
"2019-12-14 16:12:00","142.462587","142.74","144.23","140.43","142.18","13660218.94"
"2019-12-15 16:12:00","135.266175","132.68","142.96","129.95","142.74","39951676.26"
"2019-12-16 16:12:00","126.546462","122.11","132.88","120.01","132.68","56851371.41"
"2019-12-17 16:12:00","125.516537","133.07","134.71","116.61","122.11","65913599.62"
"2019-12-18 16:12:00","128.10269","128.31","134.2","126.02","133.07","32498419.99"
"2019-12-19 16:12:00","127.663617","128.58","129.49","125.97","128.31","17023513.1"
"2019-12-20 16:12:00","127.794816","127.52","128.67","126.93","128.58","8041661.31"
"2019-12-21 16:12:00","130.637056","132.56","133.37","127.36","127.52","17802845.73"
"2019-12-22 16:12:00","131.66286","128.1","135.3","126.41","132.56","28645381.53"
"2019-12-23 16:12:00","128.220331","128.02","129.67","126.95","128.1","11092612.68"
"2019-12-24 16:12:00","125.104886","125.1","128.12","123.64","128.02","16374232.94"
"2019-12-25 16:12:00","127.452126","125.73","132.24","124.4","125.1","19432147.74"
"2019-12-26 16:12:00","125.226509","126.5","126.95","122.49","125.73","16750626"
"2019-12-27 16:12:00","128.104024","128.21","129.84","126.19","126.5","12491621.94"
"2019-12-28 16:12:00","133.026426","134.55","138.04","127.68","128.21","24393957.73"
"2019-12-29 16:12:00","132.94639","131.41","136.2","130.26","134.55","21130435.4"
"2019-12-30 16:12:00","130.226043","128.91","133.45","128.01","131.41","25202316.61"
"2019-12-31 16:12:00","131.013339","130.6","132.91","128.51","128.91","17800291.03"
"2020-01-01 16:01:00","128.396543","127.18","130.6","126.42","130.6","20089150.38"
